序号,班级,姓名,学号,Web,大数据,分组
1,智能2102,范小芹,61,88,91,class1
2,智能2102,韦金求,62,99,92,class1
3,智能2102,韦腾阳,63,84,80,class1
4,智能2102,陈磊,64,85,65,class1
5,智能2102,郑艺,65,82,95,class1
6,智能2102,韦宏凯,66,89,90,class1
7,智能2102,余佳瑞,67,85,99,class1
8,智能2102,吴健宾,68,96,96,class1
9,智能2102,阮健安,69,100,100,class1
10,智能2102,范富潮,70,77,66,class1
11,智能2102,谢彬棋,71,84,69,class1
12,智能2102,苏荣荧,72,97,95,class1
13,智能2102,胡根皓,73,28,69,class1
14,智能2102,黄俊光,74,86,78,class1
15,智能2102,张铮,75,80,77,class1
16,智能2102,周绍乐,76,84,66,class1
17,智能2102,宁均铭,77,75,79,class1
18,智能2102,莫文定,78,90,90,class2
19,智能2102,陈纪名,79,78,92,class2
20,智能2102,张毅,80,83,81,class2
21,智能2102,陈镜宇,81,88,90,class2
22,智能2102,卢文冬,82,78,72,class2
23,智能2102,陈开樟,83,62,79,class2
24,智能2102,严统杏,84,86,68,class2
25,智能2102,董其好,85,76,76,class2
26,智能2102,罗棋文,86,70,87,class2
27,智能2102,韦朋,87,86,86,class2
28,智能2102,林成铭,88,83,69,class2
29,智能2102,王旭洲,89,66,93,class2
30,智能2102,陆俊兴,90,91,91,class2
31,智能2102,黄盛强,91,81,74,class2
32,智能2102,李武全,92,87,86,class2
33,智能2102,邹雄德,93,81,77,class2
34,智能2102,陈能超,94,71,72,class2
35,智能2102,梁荣博,95,70,90,class2
36,智能2102,王安毓,96,89,78,class2
37,智能2102,曾懿铭,97,92,87,class2
38,智能2102,池宗键,98,68,70,class2
39,智能2102,宁俊宇,99,77,83,class3
40,智能2102,廖文鑫,100,73,77,class3
41,智能2102,黄玉宏,101,70,66,class3
42,智能2102,张振兴,102,92,89,class3
43,智能2102,韦广勇,103,74,81,class3
44,智能2102,区胜棋,104,85,90,class3
45,智能2102,陈振良,105,76,82,class3
46,智能2102,刘东宇,106,78,69,class3
47,智能2102,蒙贤胜,107,99,81,class3
48,智能2102,黄吉景,108,70,80,class3
49,智能2102,覃英鹏,109,80,69,class3
50,智能2102,梁裕江,110,89,69,class3
51,智能2102,宋桂生,111,81,77,class3
52,智能2102,梁团,112,67,90,class3
53,智能2102,陆忠诚,113,76,88,class3
54,智能2102,吴柯运,114,74,65,class3
55,智能2102,钟超,115,77,83,class3
56,智能2102,梁长洲,116,70,66,class3
57,智能2102,杨帆,117,77,87,class3
